<?xml version="1.0" encoding="UTF-8"?><root xmlns:tei="http://www.tei-c.org/ns/1.0">
<name key="ArnMag001" source="provenance" msTitle="AM 34 fol." msID="AM02-0034-en" repository="Den Arnamagnæanske Samling, Copenhagen" repositoryID="#AMDK"/>
<name key="ArnMag001" source="provenance" msTitle="AM 34 fol." msID="AM02-0034-en" repository="Den Arnamagnæanske Samling, Copenhagen" repositoryID="#AMDK">Árni Magnússon</name>
<name key="ThoTor001" source="provenance" msTitle="AM 34 fol." msID="AM02-0034-en" repository="Den Arnamagnæanske Samling, Copenhagen" repositoryID="#AMDK">Torfæus</name>
<name key="ArnMag001" source="provenance" msTitle="AM 34 fol." msID="AM02-0034-en" repository="Den Arnamagnæanske Samling, Copenhagen" repositoryID="#AMDK">Árni Magnússon</name>
<name key="ThoVig002" source="provenance" msTitle="AM 34 fol." msID="AM02-0034-en" repository="Den Arnamagnæanske Samling, Copenhagen" repositoryID="#AMDK">Þorbiargar
                                 Vigfussdottur</name>
<name key="ThoJon007" source="provenance" msTitle="AM 34 fol." msID="AM02-0034-en" repository="Den Arnamagnæanske Samling, Copenhagen" repositoryID="#AMDK">Þordi Jonssyne</name>
<name key="BrySve001" source="provenance" msTitle="AM 34 fol." msID="AM02-0034-en" repository="Den Arnamagnæanske Samling, Copenhagen" repositoryID="#AMDK">Brynjólfur Sveinsson</name>
<name key="ArnMag001" source="provenance" msTitle="AM 34 fol." msID="AM02-0034-en" repository="Den Arnamagnæanske Samling, Copenhagen" repositoryID="#AMDK">Árni Magnússon</name>
<name key="LarSch001" source="provenance" msTitle="AM 34 fol." msID="AM02-0034-en" repository="Den Arnamagnæanske Samling, Copenhagen" repositoryID="#AMDK">Scheving</name>
<name key="ThoTor001" source="provenance" msTitle="AM 34 fol." msID="AM02-0034-en" repository="Den Arnamagnæanske Samling, Copenhagen" repositoryID="#AMDK">Torfæus</name>
<name key="ArnMag001" source="provenance" msTitle="AM 34 fol." msID="AM02-0034-en" repository="Den Arnamagnæanske Samling, Copenhagen" repositoryID="#AMDK">Árni Magnússon</name>
<name key="ThoTor001" source="provenance" msTitle="AM 34 fol." msID="AM02-0034-en" repository="Den Arnamagnæanske Samling, Copenhagen" repositoryID="#AMDK">Torfæus</name>
<name key="ArnMag001" source="provenance" msTitle="AM 34 fol." msID="AM02-0034-en" repository="Den Arnamagnæanske Samling, Copenhagen" repositoryID="#AMDK">Árni Magnússon</name>
<name key="#AsgJon001" source="handNote" msTitle="AM 34 fol." msID="AM02-0034-en" repository="Den Arnamagnæanske Samling, Copenhagen" repositoryID="#AMDK"/>
<name key="#JonErl001" source="handNote" msTitle="AM 34 fol." msID="AM02-0034-en" repository="Den Arnamagnæanske Samling, Copenhagen" repositoryID="#AMDK"/>
<name key="#SigJon013" source="handNote" msTitle="AM 34 fol." msID="AM02-0034-en" repository="Den Arnamagnæanske Samling, Copenhagen" repositoryID="#AMDK"/>
<name key="#AsgJon001" source="handNote" msTitle="AM 34 fol." msID="AM02-0034-en" repository="Den Arnamagnæanske Samling, Copenhagen" repositoryID="#AMDK"/>
<name key="#GriArn001" source="handNote" msTitle="AM 34 fol." msID="AM02-0034-en" repository="Den Arnamagnæanske Samling, Copenhagen" repositoryID="#AMDK"/>
<name key="#OlaGis002" source="handNote" msTitle="AM 34 fol." msID="AM02-0034-en" repository="Den Arnamagnæanske Samling, Copenhagen" repositoryID="#AMDK"/>
<name key="unknown" source="handNote" msTitle="AM 34 fol." msID="AM02-0034-en" repository="Den Arnamagnæanske Samling, Copenhagen" repositoryID="#AMDK"/>
<name key="unknown" source="handNote" msTitle="AM 34 fol." msID="AM02-0034-en" repository="Den Arnamagnæanske Samling, Copenhagen" repositoryID="#AMDK"/>
</root>