<?xml version="1.0" encoding="UTF-8"?><root xmlns:tei="http://www.tei-c.org/ns/1.0">
<name key="ArnMag001" source="provenance" msTitle="AM 194 c fol." msID="AM02-0194c-en" repository="Den Arnamagnæanske Samling, Copenhagen" repositoryID="#AMDK"/>
<name key="BrySve001" source="provenance" msTitle="AM 194 c fol." msID="AM02-0194c-en" repository="Den Arnamagnæanske Samling, Copenhagen" repositoryID="#AMDK">Brynjólfur
                           Sveinsson</name>
<name key="BrySve001" source="provenance" msTitle="AM 194 c fol." msID="AM02-0194c-en" repository="Den Arnamagnæanske Samling, Copenhagen" repositoryID="#AMDK">Brynjólfur Sveinsson</name>
<name key="ThoKla001" source="provenance" msTitle="AM 194 c fol." msID="AM02-0194c-en" repository="Den Arnamagnæanske Samling, Copenhagen" repositoryID="#AMDK">Þorleifur Kláusson</name>
<name key="SolBer001" source="provenance" msTitle="AM 194 c fol." msID="AM02-0194c-en" repository="Den Arnamagnæanske Samling, Copenhagen" repositoryID="#AMDK">Sólmundur
                           Bergsveinsson</name>
<name key="AlfGis002" source="provenance" msTitle="AM 194 c fol." msID="AM02-0194c-en" repository="Den Arnamagnæanske Samling, Copenhagen" repositoryID="#AMDK">Álfur
                           Gíslason</name>
<name key="#JonErl001" source="handNote" msTitle="AM 194 c fol." msID="AM02-0194c-en" repository="Den Arnamagnæanske Samling, Copenhagen" repositoryID="#AMDK"/>
<name key="#ThoKla001" source="handNote" msTitle="AM 194 c fol." msID="AM02-0194c-en" repository="Den Arnamagnæanske Samling, Copenhagen" repositoryID="#AMDK"/>
</root>