<?xml version="1.0" encoding="UTF-8"?><root xmlns:tei="http://www.tei-c.org/ns/1.0">
<name key="JonGis001" source="provenance" msTitle="AM 11 fol." msID="AM02-0011-en" repository="Den Arnamagnæanske Samling, Copenhagen" repositoryID="#AMDK"/>
<name key="TorJon002" source="provenance" msTitle="AM 11 fol." msID="AM02-0011-en" repository="Den Arnamagnæanske Samling, Copenhagen" repositoryID="#AMDK">Torfi Jónsson</name>
<name key="ThoTor002" source="provenance" msTitle="AM 11 fol." msID="AM02-0011-en" repository="Den Arnamagnæanske Samling, Copenhagen" repositoryID="#AMDK">Þórunn Torfadóttir</name>
<name key="HogAmu001" source="provenance" msTitle="AM 11 fol." msID="AM02-0011-en" repository="Den Arnamagnæanske Samling, Copenhagen" repositoryID="#AMDK">Högni
                        Ámundarson</name>
<name key="ArnMag001" source="provenance" msTitle="AM 11 fol." msID="AM02-0011-en" repository="Den Arnamagnæanske Samling, Copenhagen" repositoryID="#AMDK">Árni Magnússon</name>
<name key="#ThoTho003" source="handNote" msTitle="AM 11 fol." msID="AM02-0011-en" repository="Den Arnamagnæanske Samling, Copenhagen" repositoryID="#AMDK"/>
<name key="#JonGis001" source="handNote" msTitle="AM 11 fol." msID="AM02-0011-en" repository="Den Arnamagnæanske Samling, Copenhagen" repositoryID="#AMDK"/>
</root>