<?xml version="1.0" encoding="UTF-8"?><root xmlns:tei="http://www.tei-c.org/ns/1.0">
<name key="ArnGud001" source="provenance" msTitle="AM 54 fol." msID="AM02-0054-en" repository="Den Arnamagnæanske Samling, Copenhagen" repositoryID="#AMDK">Árni Guðmundsson</name>
<name key="ArnTho002" source="provenance" msTitle="AM 54 fol." msID="AM02-0054-en" repository="Den Arnamagnæanske Samling, Copenhagen" repositoryID="#AMDK">Arngrímur Þorkelsson</name>
<name key="ArnMag001" source="provenance" msTitle="AM 54 fol." msID="AM02-0054-en" repository="Den Arnamagnæanske Samling, Copenhagen" repositoryID="#AMDK">Árni Magnússon</name>
<name key="unknown" source="handNote" msTitle="AM 54 fol." msID="AM02-0054-en" repository="Den Arnamagnæanske Samling, Copenhagen" repositoryID="#AMDK"/>
<name key="unknown" source="handNote" msTitle="AM 54 fol." msID="AM02-0054-en" repository="Den Arnamagnæanske Samling, Copenhagen" repositoryID="#AMDK"/>
<name key="unknown" source="handNote" msTitle="AM 54 fol." msID="AM02-0054-en" repository="Den Arnamagnæanske Samling, Copenhagen" repositoryID="#AMDK"/>
</root>