<?xml version="1.0" encoding="UTF-8"?><root xmlns:tei="http://www.tei-c.org/ns/1.0">
<name key="ArnMag001" source="provenance" msTitle="AM 152 1 fol." msID="AM02-0152-1-2-en" repository="Stofnun Árna Magnússonar í íslenskum fræðum, Reykjavík" repositoryID="#AMIS">Árni Magnússon</name>
<name key="VigGud003" source="provenance" msTitle="AM 152 1 fol." msID="AM02-0152-1-2-en" repository="Stofnun Árna Magnússonar í íslenskum fræðum, Reykjavík" repositoryID="#AMIS">Vigfús Guðbrandsson</name>
<name key="EliHak001" source="provenance" msTitle="AM 152 1 fol." msID="AM02-0152-1-2-en" repository="Stofnun Árna Magnússonar í íslenskum fræðum, Reykjavík" repositoryID="#AMIS">Elín Hákonardóttir</name>
<name key="HelMag001" source="provenance" msTitle="AM 152 1 fol." msID="AM02-0152-1-2-en" repository="Stofnun Árna Magnússonar í íslenskum fræðum, Reykjavík" repositoryID="#AMIS">Helga
                              Magnúsdóttir</name>
<name key="MagBjo001" source="provenance" msTitle="AM 152 1 fol." msID="AM02-0152-1-2-en" repository="Stofnun Árna Magnússonar í íslenskum fræðum, Reykjavík" repositoryID="#AMIS">Magnús
                              Björnsson</name>
<name key="#ThoTho050" source="handNote" msTitle="AM 152 1 fol." msID="AM02-0152-1-2-en" repository="Stofnun Árna Magnússonar í íslenskum fræðum, Reykjavík" repositoryID="#AMIS"/>
<name key="unknown" source="handNote" msTitle="AM 152 1 fol." msID="AM02-0152-1-2-en" repository="Stofnun Árna Magnússonar í íslenskum fræðum, Reykjavík" repositoryID="#AMIS"/>
</root>