<?xml version="1.0" encoding="UTF-8"?><root xmlns:tei="http://www.tei-c.org/ns/1.0">
<name key="ThoTor001" source="provenance" msTitle="AM 157 h fol." msID="AM02-0157h-en" repository="Stofnun Árna Magnússonar í íslenskum fræðum, Reykjavík" repositoryID="#AMIS">Þormóður Torfason</name>
<name key="ambig" source="provenance" msTitle="AM 157 h fol." msID="AM02-0157h-en" repository="Stofnun Árna Magnússonar í íslenskum fræðum, Reykjavík" repositoryID="#AMIS">Andrese Laridtssyne Beck</name>
<name key="TorJon002" source="provenance" msTitle="AM 157 h fol." msID="AM02-0157h-en" repository="Stofnun Árna Magnússonar í íslenskum fræðum, Reykjavík" repositoryID="#AMIS">Torfi Jónsson</name>
<name key="ArnMag001" source="provenance" msTitle="AM 157 h fol." msID="AM02-0157h-en" repository="Stofnun Árna Magnússonar í íslenskum fræðum, Reykjavík" repositoryID="#AMIS">Árni Magnússon</name>
<name key="#PalSve001" source="handNote" msTitle="AM 157 h fol." msID="AM02-0157h-en" repository="Stofnun Árna Magnússonar í íslenskum fræðum, Reykjavík" repositoryID="#AMIS"/>
<name key="#KolHan001" source="handNote" msTitle="AM 157 h fol." msID="AM02-0157h-en" repository="Stofnun Árna Magnússonar í íslenskum fræðum, Reykjavík" repositoryID="#AMIS"/>
</root>