<?xml version="1.0" encoding="UTF-8"?><root xmlns:tei="http://www.tei-c.org/ns/1.0">
<name key="OddEin001" source="provenance" msTitle="AM 62 fol." msID="AM02-0062-en" repository="Den Arnamagnæanske Samling, Copenhagen" repositoryID="#AMDK">Oddur Einarsson</name>
<name key="MagHja002" source="provenance" msTitle="AM 62 fol." msID="AM02-0062-en" repository="Den Arnamagnæanske Samling, Copenhagen" repositoryID="#AMDK">Magnús Hjaltason</name>
<name key="GriOrm001" source="provenance" msTitle="AM 62 fol." msID="AM02-0062-en" repository="Den Arnamagnæanske Samling, Copenhagen" repositoryID="#AMDK">Grímur Ormsson</name>
<name key="PalVig001" source="provenance" msTitle="AM 62 fol." msID="AM02-0062-en" repository="Den Arnamagnæanske Samling, Copenhagen" repositoryID="#AMDK">Páll Fúsason (Vigfússon)</name>
<name key="JonNar001" source="provenance" msTitle="AM 62 fol." msID="AM02-0062-en" repository="Den Arnamagnæanske Samling, Copenhagen" repositoryID="#AMDK">Jón Narfason</name>
<name key="VigErl001" source="provenance" msTitle="AM 62 fol." msID="AM02-0062-en" repository="Den Arnamagnæanske Samling, Copenhagen" repositoryID="#AMDK">Vigfús
                           Erlendsson</name>
<name key="unknown" source="handNote" msTitle="AM 62 fol." msID="AM02-0062-en" repository="Den Arnamagnæanske Samling, Copenhagen" repositoryID="#AMDK"/>
<name key="unknown" source="handNote" msTitle="AM 62 fol." msID="AM02-0062-en" repository="Den Arnamagnæanske Samling, Copenhagen" repositoryID="#AMDK"/>
<name key="unknown" source="handNote" msTitle="AM 62 fol." msID="AM02-0062-en" repository="Den Arnamagnæanske Samling, Copenhagen" repositoryID="#AMDK"/>
</root>