<?xml version="1.0" encoding="UTF-8"?><root xmlns:tei="http://www.tei-c.org/ns/1.0">
<name key="ArnMag001" source="provenance" msTitle="AM 1008 4to" msID="AM04-1008-en" repository="Den Arnamagnæanske Samling, Copenhagen" repositoryID="#AMDK"/>
<name key="JonArn003" source="provenance" msTitle="AM 1008 4to" msID="AM04-1008-en" repository="Den Arnamagnæanske Samling, Copenhagen" repositoryID="#AMDK">Jón Árnason</name>
<name key="#AsgJon001" source="handNote" msTitle="AM 1008 4to" msID="AM04-1008-en" repository="Den Arnamagnæanske Samling, Copenhagen" repositoryID="#AMDK"/>
<name key="unknown" source="handNote" msTitle="AM 1008 4to" msID="AM04-1008-en" repository="Den Arnamagnæanske Samling, Copenhagen" repositoryID="#AMDK"/>
<name key="#AsgJon001" source="handNote" msTitle="AM 1008 4to" msID="AM04-1008-en" repository="Den Arnamagnæanske Samling, Copenhagen" repositoryID="#AMDK"/>
<name key="unknown" source="handNote" msTitle="AM 1008 4to" msID="AM04-1008-en" repository="Den Arnamagnæanske Samling, Copenhagen" repositoryID="#AMDK"/>
<name key="unknown" source="handNote" msTitle="AM 1008 4to" msID="AM04-1008-en" repository="Den Arnamagnæanske Samling, Copenhagen" repositoryID="#AMDK"/>
<name key="#AsgJon001" source="handNote" msTitle="AM 1008 4to" msID="AM04-1008-en" repository="Den Arnamagnæanske Samling, Copenhagen" repositoryID="#AMDK"/>
<name key="#AsgJon001" source="handNote" msTitle="AM 1008 4to" msID="AM04-1008-en" repository="Den Arnamagnæanske Samling, Copenhagen" repositoryID="#AMDK"/>
<name key="#MagSna001" source="handNote" msTitle="AM 1008 4to" msID="AM04-1008-en" repository="Den Arnamagnæanske Samling, Copenhagen" repositoryID="#AMDK"/>
<name key="unknown" source="handNote" msTitle="AM 1008 4to" msID="AM04-1008-en" repository="Den Arnamagnæanske Samling, Copenhagen" repositoryID="#AMDK"/>
<name key="unknown" source="handNote" msTitle="AM 1008 4to" msID="AM04-1008-en" repository="Den Arnamagnæanske Samling, Copenhagen" repositoryID="#AMDK"/>
<name key="unknown" source="handNote" msTitle="AM 1008 4to" msID="AM04-1008-en" repository="Den Arnamagnæanske Samling, Copenhagen" repositoryID="#AMDK"/>
</root>