<?xml version="1.0" encoding="UTF-8"?><root xmlns:tei="http://www.tei-c.org/ns/1.0">
<name key="ArnMag002" source="provenance" msTitle="AM 418 4to" msID="AM04-418-en" repository="Stofnun Árna Magnússonar í íslenskum fræðum, Reykjavík" repositoryID="#AMIS">Árni Magnússon</name>
<name key="JonMag013" source="provenance" msTitle="AM 418 4to" msID="AM04-418-en" repository="Stofnun Árna Magnússonar í íslenskum fræðum, Reykjavík" repositoryID="#AMIS">Jón
                           Magnússon</name>
<name key="ambig" source="provenance" msTitle="AM 418 4to" msID="AM04-418-en" repository="Stofnun Árna Magnússonar í íslenskum fræðum, Reykjavík" repositoryID="#AMIS">Magnús
                           Magnússon</name>
<name key="ArnMag001" source="provenance" msTitle="AM 418 4to" msID="AM04-418-en" repository="Stofnun Árna Magnússonar í íslenskum fræðum, Reykjavík" repositoryID="#AMIS">Árni Magnússon</name>
<name key="ThoArn003" source="provenance" msTitle="AM 418 4to" msID="AM04-418-en" repository="Stofnun Árna Magnússonar í íslenskum fræðum, Reykjavík" repositoryID="#AMIS">Þorleifur
                           Árnason</name>
<name key="#ArnMag002" source="handNote" msTitle="AM 418 4to" msID="AM04-418-en" repository="Stofnun Árna Magnússonar í íslenskum fræðum, Reykjavík" repositoryID="#AMIS"/>
<name key="unknown" source="handNote" msTitle="AM 418 4to" msID="AM04-418-en" repository="Stofnun Árna Magnússonar í íslenskum fræðum, Reykjavík" repositoryID="#AMIS"/>
</root>