<?xml version="1.0" encoding="UTF-8"?><root xmlns:tei="http://www.tei-c.org/ns/1.0">
<name key="ArnMag001" source="provenance" msTitle="AM 567 XI 4to" msID="AM04-0567-XI-en" repository="Stofnun Árna Magnússonar í íslenskum fræðum, Reykjavík" repositoryID="#AMIS">Árni Magnússon</name>
<name key="ArnMag001" source="provenance" msTitle="AM 567 XI 4to" msID="AM04-0567-XI-en" repository="Stofnun Árna Magnússonar í íslenskum fræðum, Reykjavík" repositoryID="#AMIS">Árni Magnússon</name>
<name key="SnoJon002" source="provenance" msTitle="AM 567 XI 4to" msID="AM04-0567-XI-en" repository="Stofnun Árna Magnússonar í íslenskum fræðum, Reykjavík" repositoryID="#AMIS">Snorri Jónsson</name>
<name key="unknown" source="handNote" msTitle="AM 567 XI 4to" msID="AM04-0567-XI-en" repository="Stofnun Árna Magnússonar í íslenskum fræðum, Reykjavík" repositoryID="#AMIS"/>
<name key="unknown" source="handNote" msTitle="AM 567 XI 4to" msID="AM04-0567-XI-en" repository="Stofnun Árna Magnússonar í íslenskum fræðum, Reykjavík" repositoryID="#AMIS"/>
</root>