<?xml version="1.0" encoding="UTF-8"?><root xmlns:tei="http://www.tei-c.org/ns/1.0">
<name key="ArnMag001" source="provenance" msTitle="AM 738 4to" msID="AM04-0738-en" repository="Stofnun Árna Magnússonar í íslenskum fræðum, Reykjavík" repositoryID="#AMIS">Árni Magnússon</name>
<name key="MagJon004" source="provenance" msTitle="AM 738 4to" msID="AM04-0738-en" repository="Stofnun Árna Magnússonar í íslenskum fræðum, Reykjavík" repositoryID="#AMIS">Magnús Jónsson</name>
<name key="IngJon001" source="provenance" msTitle="AM 738 4to" msID="AM04-0738-en" repository="Stofnun Árna Magnússonar í íslenskum fræðum, Reykjavík" repositoryID="#AMIS">Ingibjörg Jónsdóttur</name>
<name key="SigGis001" source="provenance" msTitle="AM 738 4to" msID="AM04-0738-en" repository="Stofnun Árna Magnússonar í íslenskum fræðum, Reykjavík" repositoryID="#AMIS">Sigurður Gíslason</name>
<name key="unknown" source="handNote" msTitle="AM 738 4to" msID="AM04-0738-en" repository="Stofnun Árna Magnússonar í íslenskum fræðum, Reykjavík" repositoryID="#AMIS"/>
</root>