<?xml version="1.0" encoding="UTF-8"?><root xmlns:tei="http://www.tei-c.org/ns/1.0">
<name key="ArnMag001" source="provenance" msTitle="AM 298 I-III 4to" msID="AM04-0298-I-III-en" repository="Stofnun Árna Magnússonar í íslenskum fræðum, Reykjavík" repositoryID="#AMIS">Árni Magnússon</name>
<name key="ThoTor001" source="provenance" msTitle="AM 298 I-III 4to" msID="AM04-0298-I-III-en" repository="Stofnun Árna Magnússonar í íslenskum fræðum, Reykjavík" repositoryID="#AMIS">Þormóður Torfason</name>
<name key="#JohTho001" source="handNote" msTitle="AM 298 I-III 4to" msID="AM04-0298-I-III-en" repository="Stofnun Árna Magnússonar í íslenskum fræðum, Reykjavík" repositoryID="#AMIS"/>
<name key="#EirBja002" source="handNote" msTitle="AM 298 I-III 4to" msID="AM04-0298-I-III-en" repository="Stofnun Árna Magnússonar í íslenskum fræðum, Reykjavík" repositoryID="#AMIS"/>
<name key="unknown" source="handNote" msTitle="AM 298 I-III 4to" msID="AM04-0298-I-III-en" repository="Stofnun Árna Magnússonar í íslenskum fræðum, Reykjavík" repositoryID="#AMIS"/>
<name key="#JohTho001" source="handNote" msTitle="AM 298 I-III 4to" msID="AM04-0298-I-III-en" repository="Stofnun Árna Magnússonar í íslenskum fræðum, Reykjavík" repositoryID="#AMIS"/>
<name key="#EirBja002" source="handNote" msTitle="AM 298 I-III 4to" msID="AM04-0298-I-III-en" repository="Stofnun Árna Magnússonar í íslenskum fræðum, Reykjavík" repositoryID="#AMIS"/>
<name key="unknown" source="handNote" msTitle="AM 298 I-III 4to" msID="AM04-0298-I-III-en" repository="Stofnun Árna Magnússonar í íslenskum fræðum, Reykjavík" repositoryID="#AMIS"/>
</root>