<?xml version="1.0" encoding="UTF-8"?><root xmlns:tei="http://www.tei-c.org/ns/1.0">
<name key="ArnMag001" source="provenance" msTitle="AM 577 4to" msID="AM04-0577-en" repository="Stofnun Árna Magnússonar í íslenskum fræðum, Reykjavík" repositoryID="#AMIS">Árni Magnússon</name>
<name key="ambig" source="provenance" msTitle="AM 577 4to" msID="AM04-0577-en" repository="Stofnun Árna Magnússonar í íslenskum fræðum, Reykjavík" repositoryID="#AMIS">Páll</name>
<name key="ambig" source="provenance" msTitle="AM 577 4to" msID="AM04-0577-en" repository="Stofnun Árna Magnússonar í íslenskum fræðum, Reykjavík" repositoryID="#AMIS">Ólafur, ef til
                                 vill Egilsson</name>
<name key="ambig" source="provenance" msTitle="AM 577 4to" msID="AM04-0577-en" repository="Stofnun Árna Magnússonar í íslenskum fræðum, Reykjavík" repositoryID="#AMIS">Snjófríður</name>
<name key="ambig" source="provenance" msTitle="AM 577 4to" msID="AM04-0577-en" repository="Stofnun Árna Magnússonar í íslenskum fræðum, Reykjavík" repositoryID="#AMIS">Sigmundur
                                 Hallsson</name>
<name key="unknown" source="handNote" msTitle="AM 577 4to" msID="AM04-0577-en" repository="Stofnun Árna Magnússonar í íslenskum fræðum, Reykjavík" repositoryID="#AMIS"/>
<name key="unknown" source="handNote" msTitle="AM 577 4to" msID="AM04-0577-en" repository="Stofnun Árna Magnússonar í íslenskum fræðum, Reykjavík" repositoryID="#AMIS"/>
<name key="unknown" source="handNote" msTitle="AM 577 4to" msID="AM04-0577-en" repository="Stofnun Árna Magnússonar í íslenskum fræðum, Reykjavík" repositoryID="#AMIS"/>
<name key="unknown" source="handNote" msTitle="AM 577 4to" msID="AM04-0577-en" repository="Stofnun Árna Magnússonar í íslenskum fræðum, Reykjavík" repositoryID="#AMIS"/>
</root>