<?xml version="1.0" encoding="UTF-8"?><root xmlns:tei="http://www.tei-c.org/ns/1.0">
<name key="HauErl001" source="provenance" msTitle="AM 544 4to" msID="AM04-0544-en" repository="Den Arnamagnæanske Samling, Copenhagen" repositoryID="#AMDK">Haukr Erlendsson</name>
<name key="BjaEin002" source="provenance" msTitle="AM 544 4to" msID="AM04-0544-en" repository="Den Arnamagnæanske Samling, Copenhagen" repositoryID="#AMDK">Bjarni
                           Einarsson</name>
<name key="AriMag001" source="provenance" msTitle="AM 544 4to" msID="AM04-0544-en" repository="Den Arnamagnæanske Samling, Copenhagen" repositoryID="#AMDK">Ari Magnússon</name>
<name key="ArnJon001" source="provenance" msTitle="AM 544 4to" msID="AM04-0544-en" repository="Den Arnamagnæanske Samling, Copenhagen" repositoryID="#AMDK">Arngrímur
                           Jónsson</name>
<name key="BjoJon006" source="provenance" msTitle="AM 544 4to" msID="AM04-0544-en" repository="Den Arnamagnæanske Samling, Copenhagen" repositoryID="#AMDK">Björn Jónsson</name>
<name key="ThoSku001" source="provenance" msTitle="AM 544 4to" msID="AM04-0544-en" repository="Den Arnamagnæanske Samling, Copenhagen" repositoryID="#AMDK">Þorlákur Skuláson</name>
<name key="OleWor001" source="provenance" msTitle="AM 544 4to" msID="AM04-0544-en" repository="Den Arnamagnæanske Samling, Copenhagen" repositoryID="#AMDK">Ole Worm</name>
<name key="BrySve001" source="provenance" msTitle="AM 544 4to" msID="AM04-0544-en" repository="Den Arnamagnæanske Samling, Copenhagen" repositoryID="#AMDK">Brynjólfur
                           Sveinsson</name>
<name key="ArnMag001" source="provenance" msTitle="AM 544 4to" msID="AM04-0544-en" repository="Den Arnamagnæanske Samling, Copenhagen" repositoryID="#AMDK">Árni Magnússon</name>
<name key="unknown" source="handNote" msTitle="AM 544 4to" msID="AM04-0544-en" repository="Den Arnamagnæanske Samling, Copenhagen" repositoryID="#AMDK"/>
<name key="unknown" source="handNote" msTitle="AM 544 4to" msID="AM04-0544-en" repository="Den Arnamagnæanske Samling, Copenhagen" repositoryID="#AMDK"/>
<name key="unknown" source="handNote" msTitle="AM 544 4to" msID="AM04-0544-en" repository="Den Arnamagnæanske Samling, Copenhagen" repositoryID="#AMDK"/>
<name key="unknown" source="handNote" msTitle="AM 544 4to" msID="AM04-0544-en" repository="Den Arnamagnæanske Samling, Copenhagen" repositoryID="#AMDK"/>
<name key="unknown" source="handNote" msTitle="AM 544 4to" msID="AM04-0544-en" repository="Den Arnamagnæanske Samling, Copenhagen" repositoryID="#AMDK"/>
<name key="unknown" source="handNote" msTitle="AM 544 4to" msID="AM04-0544-en" repository="Den Arnamagnæanske Samling, Copenhagen" repositoryID="#AMDK"/>
<name key="#HauErl001" source="handNote" msTitle="AM 544 4to" msID="AM04-0544-en" repository="Den Arnamagnæanske Samling, Copenhagen" repositoryID="#AMDK"/>
<name key="unknown" source="handNote" msTitle="AM 544 4to" msID="AM04-0544-en" repository="Den Arnamagnæanske Samling, Copenhagen" repositoryID="#AMDK"/>
<name key="unknown" source="handNote" msTitle="AM 544 4to" msID="AM04-0544-en" repository="Den Arnamagnæanske Samling, Copenhagen" repositoryID="#AMDK"/>
<name key="unknown" source="handNote" msTitle="AM 544 4to" msID="AM04-0544-en" repository="Den Arnamagnæanske Samling, Copenhagen" repositoryID="#AMDK"/>
<name key="unknown" source="handNote" msTitle="AM 544 4to" msID="AM04-0544-en" repository="Den Arnamagnæanske Samling, Copenhagen" repositoryID="#AMDK"/>
<name key="unknown" source="handNote" msTitle="AM 544 4to" msID="AM04-0544-en" repository="Den Arnamagnæanske Samling, Copenhagen" repositoryID="#AMDK"/>
<name key="unknown" source="handNote" msTitle="AM 544 4to" msID="AM04-0544-en" repository="Den Arnamagnæanske Samling, Copenhagen" repositoryID="#AMDK"/>
<name key="unknown" source="handNote" msTitle="AM 544 4to" msID="AM04-0544-en" repository="Den Arnamagnæanske Samling, Copenhagen" repositoryID="#AMDK"/>
</root>