<?xml version="1.0" encoding="UTF-8"?><root xmlns:tei="http://www.tei-c.org/ns/1.0">
<name key="ArnMag001" source="provenance" msTitle="AM 582 4to" msID="AM04-0582-en" repository="Stofnun Árna Magnússonar í íslenskum fræðum, Reykjavík" repositoryID="#AMIS">Árni Magnússon</name>
<name key="BenHan001" source="provenance" msTitle="AM 582 4to" msID="AM04-0582-en" repository="Stofnun Árna Magnússonar í íslenskum fræðum, Reykjavík" repositoryID="#AMIS">Benedikt
                           Hannesson</name>
<name key="GriEin001" source="provenance" msTitle="AM 582 4to" msID="AM04-0582-en" repository="Stofnun Árna Magnússonar í íslenskum fræðum, Reykjavík" repositoryID="#AMIS">Grímur Einarsson</name>
<name key="#GriArn001" source="handNote" msTitle="AM 582 4to" msID="AM04-0582-en" repository="Stofnun Árna Magnússonar í íslenskum fræðum, Reykjavík" repositoryID="#AMIS"/>
<name key="#JonVig001" source="handNote" msTitle="AM 582 4to" msID="AM04-0582-en" repository="Stofnun Árna Magnússonar í íslenskum fræðum, Reykjavík" repositoryID="#AMIS"/>
<name key="unknown" source="handNote" msTitle="AM 582 4to" msID="AM04-0582-en" repository="Stofnun Árna Magnússonar í íslenskum fræðum, Reykjavík" repositoryID="#AMIS"/>
</root>