<?xml version="1.0" encoding="UTF-8"?><root xmlns:tei="http://www.tei-c.org/ns/1.0">
<name key="ArnMag001" source="provenance" msTitle="AM 556 b 4to" msID="AM04-0556b-en" repository="Stofnun Árna Magnússonar í íslenskum fræðum, Reykjavík" repositoryID="#AMIS">Árni Magnússon</name>
<name key="ThoSte001" source="provenance" msTitle="AM 556 b 4to" msID="AM04-0556b-en" repository="Stofnun Árna Magnússonar í íslenskum fræðum, Reykjavík" repositoryID="#AMIS">Þórður Steindórsson</name>
<name key="GisMag003" source="provenance" msTitle="AM 556 b 4to" msID="AM04-0556b-en" repository="Stofnun Árna Magnússonar í íslenskum fræðum, Reykjavík" repositoryID="#AMIS">Gísli Magnússon</name>
<name key="PalTho002" source="provenance" msTitle="AM 556 b 4to" msID="AM04-0556b-en" repository="Stofnun Árna Magnússonar í íslenskum fræðum, Reykjavík" repositoryID="#AMIS">Páll Þórðarson</name>
<name key="MagJon008" source="provenance" msTitle="AM 556 b 4to" msID="AM04-0556b-en" repository="Stofnun Árna Magnússonar í íslenskum fræðum, Reykjavík" repositoryID="#AMIS">Magnús Jónsson</name>
<name key="ambig" source="provenance" msTitle="AM 556 b 4to" msID="AM04-0556b-en" repository="Stofnun Árna Magnússonar í íslenskum fræðum, Reykjavík" repositoryID="#AMIS">Guðrún</name>
<name key="unknown" source="handNote" msTitle="AM 556 b 4to" msID="AM04-0556b-en" repository="Stofnun Árna Magnússonar í íslenskum fræðum, Reykjavík" repositoryID="#AMIS"/>
</root>