<?xml version="1.0" encoding="UTF-8"?><root xmlns:tei="http://www.tei-c.org/ns/1.0">
<name key="SigBjo001" source="provenance" msTitle="AM 281 4to" msID="AM04-0281-en" repository="Stofnun Árna Magnússonar í íslenskum fræðum, Reykjavík" repositoryID="#AMIS">Sigurður Björnsson</name>
<name key="JonHal004" source="provenance" msTitle="AM 281 4to" msID="AM04-0281-en" repository="Stofnun Árna Magnússonar í íslenskum fræðum, Reykjavík" repositoryID="#AMIS">Jón Halldórsson</name>
<name key="ArnMag001" source="provenance" msTitle="AM 281 4to" msID="AM04-0281-en" repository="Stofnun Árna Magnússonar í íslenskum fræðum, Reykjavík" repositoryID="#AMIS">Árni Magnússon</name>
<name key="SigBjo001" source="provenance" msTitle="AM 281 4to" msID="AM04-0281-en" repository="Stofnun Árna Magnússonar í íslenskum fræðum, Reykjavík" repositoryID="#AMIS">Sigurður Björnsson</name>
<name key="#SigJon008" source="handNote" msTitle="AM 281 4to" msID="AM04-0281-en" repository="Stofnun Árna Magnússonar í íslenskum fræðum, Reykjavík" repositoryID="#AMIS"/>
</root>