<?xml version="1.0" encoding="UTF-8"?><root xmlns:tei="http://www.tei-c.org/ns/1.0">
<name key="ArnMag001" source="provenance" msTitle="AM 552 k β 4to" msID="AM04-0552k-beta-en" repository="Stofnun Árna Magnússonar í íslenskum fræðum, Reykjavík" repositoryID="#AMIS">Árni Magnússon</name>
<name key="OlaGis002" source="provenance" msTitle="AM 552 k β 4to" msID="AM04-0552k-beta-en" repository="Stofnun Árna Magnússonar í íslenskum fræðum, Reykjavík" repositoryID="#AMIS">Ólafur Gíslason</name>
<name key="VigGud003" source="provenance" msTitle="AM 552 k β 4to" msID="AM04-0552k-beta-en" repository="Stofnun Árna Magnússonar í íslenskum fræðum, Reykjavík" repositoryID="#AMIS">Vigfús Guðbrandsson</name>
<name key="ambig" source="handNote" msTitle="AM 552 k β 4to" msID="AM04-0552k-beta-en" repository="Stofnun Árna Magnússonar í íslenskum fræðum, Reykjavík" repositoryID="#AMIS"/>
<name key="unknown" source="handNote" msTitle="AM 552 k β 4to" msID="AM04-0552k-beta-en" repository="Stofnun Árna Magnússonar í íslenskum fræðum, Reykjavík" repositoryID="#AMIS"/>
</root>