<?xml version="1.0" encoding="UTF-8"?><root xmlns:tei="http://www.tei-c.org/ns/1.0">
<name key="ArnMag001" source="provenance" msTitle="AM 109 a 8vo" msID="AM08-0109a-en" repository="Stofnun Árna Magnússonar í íslenskum fræðum, Reykjavík" repositoryID="#AMIS">Árni Magnússon</name>
<name key="ArnMag001" source="provenance" msTitle="AM 109 a 8vo" msID="AM08-0109a-en" repository="Stofnun Árna Magnússonar í íslenskum fræðum, Reykjavík" repositoryID="#AMIS">Árni Magnússon</name>
<name key="ArnMag001" source="provenance" msTitle="AM 109 a 8vo" msID="AM08-0109a-en" repository="Stofnun Árna Magnússonar í íslenskum fræðum, Reykjavík" repositoryID="#AMIS"/>
<name key="unknown" source="handNote" msTitle="AM 109 a 8vo" msID="AM08-0109a-en" repository="Stofnun Árna Magnússonar í íslenskum fræðum, Reykjavík" repositoryID="#AMIS"/>
<name key="unknown" source="handNote" msTitle="AM 109 a 8vo" msID="AM08-0109a-en" repository="Stofnun Árna Magnússonar í íslenskum fræðum, Reykjavík" repositoryID="#AMIS"/>
<name key="unknown" source="handNote" msTitle="AM 109 a 8vo" msID="AM08-0109a-en" repository="Stofnun Árna Magnússonar í íslenskum fræðum, Reykjavík" repositoryID="#AMIS"/>
<name key="#ArnMag001" source="handNote" msTitle="AM 109 a 8vo" msID="AM08-0109a-en" repository="Stofnun Árna Magnússonar í íslenskum fræðum, Reykjavík" repositoryID="#AMIS"/>
</root>