<?xml version="1.0" encoding="UTF-8"?><root xmlns:tei="http://www.tei-c.org/ns/1.0">
<name key="FinMag001" source="provenance" msTitle="BL Add. 11162" msID="BL-Add-11162" repository="British Library, London" repositoryID="#BL">Finnur Magnusson</name>
<name key="ambig" source="provenance" msTitle="BL Add. 11162" msID="BL-Add-11162" repository="British Library, London" repositoryID="#BL">Arne Thorsteins son</name>
<name key="MetArn001" source="provenance" msTitle="BL Add. 11162" msID="BL-Add-11162" repository="British Library, London" repositoryID="#BL"/>
<name key="#HanWiu001" source="handNote" msTitle="BL Add. 11162" msID="BL-Add-11162" repository="British Library, London" repositoryID="#BL"/>
<name key="#JakSig001" source="handNote" msTitle="BL Add. 11162" msID="BL-Add-11162" repository="British Library, London" repositoryID="#BL"/>
<name key="unknown" source="handNote" msTitle="BL Add. 11162" msID="BL-Add-11162" repository="British Library, London" repositoryID="#BL"/>
<name key="unknown" source="handNote" msTitle="BL Add. 11162" msID="BL-Add-11162" repository="British Library, London" repositoryID="#BL"/>
<name key="unknown" source="handNote" msTitle="BL Add. 11162" msID="BL-Add-11162" repository="British Library, London" repositoryID="#BL"/>
<name key="unknown" source="handNote" msTitle="BL Add. 11162" msID="BL-Add-11162" repository="British Library, London" repositoryID="#BL"/>
</root>