<?xml version="1.0" encoding="UTF-8"?><root xmlns:tei="http://www.tei-c.org/ns/1.0">
<name key="JosBan001" source="provenance" msTitle="BL Add. 4864" msID="BL-Add-4864" repository="British Library, London" repositoryID="#BL">Joseph Banks</name>
<name key="JosBan001" source="provenance" msTitle="BL Add. 4864" msID="BL-Add-4864" repository="British Library, London" repositoryID="#BL">Joseph Banks</name>
<name key="JosBan001" source="provenance" msTitle="BL Add. 4864" msID="BL-Add-4864" repository="British Library, London" repositoryID="#BL">Joseph Banks</name>
<name key="unknown" source="handNote" msTitle="BL Add. 4864" msID="BL-Add-4864" repository="British Library, London" repositoryID="#BL"/>
<name key="unknown" source="handNote" msTitle="BL Add. 4864" msID="BL-Add-4864" repository="British Library, London" repositoryID="#BL"/>
<name key="unknown" source="handNote" msTitle="BL Add. 4864" msID="BL-Add-4864" repository="British Library, London" repositoryID="#BL"/>
</root>