<?xml version="1.0" encoding="UTF-8"?><root xmlns:tei="http://www.tei-c.org/ns/1.0">
<name key="SteRun001" source="provenance" msTitle="BL Add. 11161" msID="BL-Add-11161" repository="British Library, London" repositoryID="#BL">Steinunn Runúlfsdóttir</name>
<name key="ambig" source="provenance" msTitle="BL Add. 11161" msID="BL-Add-11161" repository="British Library, London" repositoryID="#BL">Steinunn Runúlfsdóttir</name>
<name key="JonSig004" source="provenance" msTitle="BL Add. 11161" msID="BL-Add-11161" repository="British Library, London" repositoryID="#BL"/>
<name key="ambig" source="provenance" msTitle="BL Add. 11161" msID="BL-Add-11161" repository="British Library, London" repositoryID="#BL">Bergþor Jónsson. </name>
<name key="FinMag001" source="provenance" msTitle="BL Add. 11161" msID="BL-Add-11161" repository="British Library, London" repositoryID="#BL"/>
<name key="JosBan001" source="provenance" msTitle="BL Add. 11161" msID="BL-Add-11161" repository="British Library, London" repositoryID="#BL"/>
<name key="unknown" source="handNote" msTitle="BL Add. 11161" msID="BL-Add-11161" repository="British Library, London" repositoryID="#BL"/>
</root>