<?xml version="1.0" encoding="UTF-8"?><root xmlns:tei="http://www.tei-c.org/ns/1.0">
<name key="ambig" source="handNote" msTitle="BL Add. 11108" msID="BL-Add-11108" repository="British Library, London" repositoryID="#BL"/>
<name key="ambig" source="handNote" msTitle="BL Add. 11108" msID="BL-Add-11108" repository="British Library, London" repositoryID="#BL"/>
<name key="unknown" source="handNote" msTitle="BL Add. 11108" msID="BL-Add-11108" repository="British Library, London" repositoryID="#BL"/>
<name key="unknown" source="handNote" msTitle="BL Add. 11108" msID="BL-Add-11108" repository="British Library, London" repositoryID="#BL"/>
<name key="unknown" source="handNote" msTitle="BL Add. 11108" msID="BL-Add-11108" repository="British Library, London" repositoryID="#BL"/>
<name key="unknown" source="handNote" msTitle="BL Add. 11108" msID="BL-Add-11108" repository="British Library, London" repositoryID="#BL"/>
<name key="unknown" source="handNote" msTitle="BL Add. 11108" msID="BL-Add-11108" repository="British Library, London" repositoryID="#BL"/>
<name key="unknown" source="handNote" msTitle="BL Add. 11108" msID="BL-Add-11108" repository="British Library, London" repositoryID="#BL"/>
<name key="unknown" source="handNote" msTitle="BL Add. 11108" msID="BL-Add-11108" repository="British Library, London" repositoryID="#BL"/>
<name key="unknown" source="handNote" msTitle="BL Add. 11108" msID="BL-Add-11108" repository="British Library, London" repositoryID="#BL"/>
<name key="unknown" source="handNote" msTitle="BL Add. 11108" msID="BL-Add-11108" repository="British Library, London" repositoryID="#BL"/>
<name key="unknown" source="handNote" msTitle="BL Add. 11108" msID="BL-Add-11108" repository="British Library, London" repositoryID="#BL"/>
<name key="unknown" source="handNote" msTitle="BL Add. 11108" msID="BL-Add-11108" repository="British Library, London" repositoryID="#BL"/>
<name key="unknown" source="handNote" msTitle="BL Add. 11108" msID="BL-Add-11108" repository="British Library, London" repositoryID="#BL"/>
<name key="unknown" source="handNote" msTitle="BL Add. 11108" msID="BL-Add-11108" repository="British Library, London" repositoryID="#BL"/>
<name key="unknown" source="handNote" msTitle="BL Add. 11108" msID="BL-Add-11108" repository="British Library, London" repositoryID="#BL"/>
</root>