<?xml version="1.0" encoding="UTF-8"?><root xmlns:tei="http://www.tei-c.org/ns/1.0">
<name key="MagJon008" source="provenance" msTitle="BL Add. 4859" msID="BL-Add-4859" repository="British Library, London" repositoryID="#BL">Magnús Jónsson</name>
<name key="MagJon008" source="provenance" msTitle="BL Add. 4859" msID="BL-Add-4859" repository="British Library, London" repositoryID="#BL">Magnús Jónsson</name>
<name key="MagKet001" source="provenance" msTitle="BL Add. 4859" msID="BL-Add-4859" repository="British Library, London" repositoryID="#BL">Magnús Ketilsson</name>
<name key="JosBan001" source="provenance" msTitle="BL Add. 4859" msID="BL-Add-4859" repository="British Library, London" repositoryID="#BL">Joseph Banks</name>
<name key="#JonTho001" source="handNote" msTitle="BL Add. 4859" msID="BL-Add-4859" repository="British Library, London" repositoryID="#BL"/>
<name key="#MagKet001" source="handNote" msTitle="BL Add. 4859" msID="BL-Add-4859" repository="British Library, London" repositoryID="#BL"/>
</root>