<?xml version="1.0" encoding="UTF-8"?><root xmlns:tei="http://www.tei-c.org/ns/1.0">
<name key="GeiVid001" source="provenance" msTitle="BL Add. 6121" msID="BL-Add-6121" repository="British Library, London" repositoryID="#BL">Geir Vídalin</name>
<name key="JosBan001" source="provenance" msTitle="BL Add. 6121" msID="BL-Add-6121" repository="British Library, London" repositoryID="#BL">Joseph Banks</name>
<name key="unknown" source="handNote" msTitle="BL Add. 6121" msID="BL-Add-6121" repository="British Library, London" repositoryID="#BL"/>
<name key="#ChaKon001" source="handNote" msTitle="BL Add. 6121" msID="BL-Add-6121" repository="British Library, London" repositoryID="#BL"/>
<name key="#GeiVid001" source="handNote" msTitle="BL Add. 6121" msID="BL-Add-6121" repository="British Library, London" repositoryID="#BL"/>
<name key="#FinMag001" source="handNote" msTitle="BL Add. 6121" msID="BL-Add-6121" repository="British Library, London" repositoryID="#BL"/>
</root>