<?xml version="1.0" encoding="UTF-8"?><root xmlns:tei="http://www.tei-c.org/ns/1.0">
<name key="ambig" source="provenance" msTitle="BL Add. 11157" msID="BL-Add-11157" repository="British Library, London" repositoryID="#BL">Stefán Einarsson</name>
<name key="ambig" source="provenance" msTitle="BL Add. 11157" msID="BL-Add-11157" repository="British Library, London" repositoryID="#BL">Jón Eiríksson</name>
<name key="JosBan001" source="provenance" msTitle="BL Add. 11157" msID="BL-Add-11157" repository="British Library, London" repositoryID="#BL"/>
<name key="#JakSig001" source="handNote" msTitle="BL Add. 11157" msID="BL-Add-11157" repository="British Library, London" repositoryID="#BL"/>
<name key="#JakSig001" source="handNote" msTitle="BL Add. 11157" msID="BL-Add-11157" repository="British Library, London" repositoryID="#BL"/>
<name key="unknown" source="handNote" msTitle="BL Add. 11157" msID="BL-Add-11157" repository="British Library, London" repositoryID="#BL"/>
<name key="unknown" source="handNote" msTitle="BL Add. 11157" msID="BL-Add-11157" repository="British Library, London" repositoryID="#BL"/>
<name key="#JakSig001" source="handNote" msTitle="BL Add. 11157" msID="BL-Add-11157" repository="British Library, London" repositoryID="#BL"/>
<name key="unknown" source="handNote" msTitle="BL Add. 11157" msID="BL-Add-11157" repository="British Library, London" repositoryID="#BL"/>
<name key="unknown" source="handNote" msTitle="BL Add. 11157" msID="BL-Add-11157" repository="British Library, London" repositoryID="#BL"/>
</root>