<?xml version="1.0" encoding="UTF-8"?><root xmlns:tei="http://www.tei-c.org/ns/1.0">
<name key="BjaPet001" source="provenance" msTitle="BL Add. 11141" msID="BL-Add-11141" repository="British Library, London" repositoryID="#BL"/>
<name key="BjaPet001" source="provenance" msTitle="BL Add. 11141" msID="BL-Add-11141" repository="British Library, London" repositoryID="#BL"/>
<name key="EggOrm001" source="provenance" msTitle="BL Add. 11141" msID="BL-Add-11141" repository="British Library, London" repositoryID="#BL"/>
<name key="EggOrm001" source="provenance" msTitle="BL Add. 11141" msID="BL-Add-11141" repository="British Library, London" repositoryID="#BL"/>
<name key="DadJon002" source="provenance" msTitle="BL Add. 11141" msID="BL-Add-11141" repository="British Library, London" repositoryID="#BL"/>
<name key="DadJon002" source="provenance" msTitle="BL Add. 11141" msID="BL-Add-11141" repository="British Library, London" repositoryID="#BL"/>
<name key="BenHan002" source="provenance" msTitle="BL Add. 11141" msID="BL-Add-11141" repository="British Library, London" repositoryID="#BL"/>
<name key="JosBan001" source="provenance" msTitle="BL Add. 11141" msID="BL-Add-11141" repository="British Library, London" repositoryID="#BL"/>
<name key="unknown" source="handNote" msTitle="BL Add. 11141" msID="BL-Add-11141" repository="British Library, London" repositoryID="#BL"/>
</root>