<?xml version="1.0" encoding="UTF-8"?><root xmlns:tei="http://www.tei-c.org/ns/1.0">
<name key="HalPal004" source="provenance" msTitle="Sagnahandrit Jóhannesar Jónssonar" msID="Borgarnes-Sagnarhandrit-JJ" repository="Héradskjalasafn Borgarfjarðar, Borgarnes" repositoryID="#HSSBF">Halldór "fróði" Pálsson</name>
<name key="JonHal002" source="provenance" msTitle="Sagnahandrit Jóhannesar Jónssonar" msID="Borgarnes-Sagnarhandrit-JJ" repository="Héradskjalasafn Borgarfjarðar, Borgarnes" repositoryID="#HSSBF">Jón Halldórsson</name>
<name key="BjoAsm001" source="provenance" msTitle="Sagnahandrit Jóhannesar Jónssonar" msID="Borgarnes-Sagnarhandrit-JJ" repository="Héradskjalasafn Borgarfjarðar, Borgarnes" repositoryID="#HSSBF">Björn Ásmundsson</name>
<name key="ThuJon001" source="provenance" msTitle="Sagnahandrit Jóhannesar Jónssonar" msID="Borgarnes-Sagnarhandrit-JJ" repository="Héradskjalasafn Borgarfjarðar, Borgarnes" repositoryID="#HSSBF">Þuríður Jónsdóttir</name>
<name key="JosBjo001" source="provenance" msTitle="Sagnahandrit Jóhannesar Jónssonar" msID="Borgarnes-Sagnarhandrit-JJ" repository="Héradskjalasafn Borgarfjarðar, Borgarnes" repositoryID="#HSSBF">Jósef Björnsson</name>
<name key="#JohJon004" source="handNote" msTitle="Sagnahandrit Jóhannesar Jónssonar" msID="Borgarnes-Sagnarhandrit-JJ" repository="Héradskjalasafn Borgarfjarðar, Borgarnes" repositoryID="#HSSBF"/>
</root>