<?xml version="1.0" encoding="UTF-8"?><root xmlns:tei="http://www.tei-c.org/ns/1.0">
<name key="Friooo005" source="provenance" msTitle="GKS 1015 fol." msID="GKS02-1015-en" repository="Det Kongelige Bibliotek, Copenhagen" repositoryID="#KBDK">King Frederik III</name>
<name key="Friooo005" source="provenance" msTitle="GKS 1015 fol." msID="GKS02-1015-en" repository="Det Kongelige Bibliotek, Copenhagen" repositoryID="#KBDK">King Frederik III</name>
<name key="unknown" source="handNote" msTitle="GKS 1015 fol." msID="GKS02-1015-en" repository="Det Kongelige Bibliotek, Copenhagen" repositoryID="#KBDK"/>
<name key="unknown" source="handNote" msTitle="GKS 1015 fol." msID="GKS02-1015-en" repository="Det Kongelige Bibliotek, Copenhagen" repositoryID="#KBDK"/>
<name key="unknown" source="handNote" msTitle="GKS 1015 fol." msID="GKS02-1015-en" repository="Det Kongelige Bibliotek, Copenhagen" repositoryID="#KBDK"/>
<name key="unknown" source="handNote" msTitle="GKS 1015 fol." msID="GKS02-1015-en" repository="Det Kongelige Bibliotek, Copenhagen" repositoryID="#KBDK"/>
</root>