<?xml version="1.0" encoding="UTF-8"?><root xmlns:tei="http://www.tei-c.org/ns/1.0">
<name key="ThoTor001" source="provenance" msTitle="GKS 2845 4to" msID="GKS04-2845-en" repository="Stofnun Árna Magnússonar í íslenskum fræðum, Reykjavík" repositoryID="#AMIS">Þormóður Torfason</name>
<name key="Kri002" source="provenance" msTitle="GKS 2845 4to" msID="GKS04-2845-en" repository="Stofnun Árna Magnússonar í íslenskum fræðum, Reykjavík" repositoryID="#AMIS">king</name>
<name key="AsgJon001" source="provenance" msTitle="GKS 2845 4to" msID="GKS04-2845-en" repository="Stofnun Árna Magnússonar í íslenskum fræðum, Reykjavík" repositoryID="#AMIS">Ásgeir Jónsson</name>
<name key="EyjJon001" source="provenance" msTitle="GKS 2845 4to" msID="GKS04-2845-en" repository="Stofnun Árna Magnússonar í íslenskum fræðum, Reykjavík" repositoryID="#AMIS">Eyjólfur
                        Jónsson</name>
<name key="NikEin001" source="provenance" msTitle="GKS 2845 4to" msID="GKS04-2845-en" repository="Stofnun Árna Magnússonar í íslenskum fræðum, Reykjavík" repositoryID="#AMIS">Nikulás Einarsson</name>
<name key="ambig" source="provenance" msTitle="GKS 2845 4to" msID="GKS04-2845-en" repository="Stofnun Árna Magnússonar í íslenskum fræðum, Reykjavík" repositoryID="#AMIS">Kolbeinn </name>
<name key="ambig" source="provenance" msTitle="GKS 2845 4to" msID="GKS04-2845-en" repository="Stofnun Árna Magnússonar í íslenskum fræðum, Reykjavík" repositoryID="#AMIS">Bjarni Jónsson</name>
<name key="ambig" source="provenance" msTitle="GKS 2845 4to" msID="GKS04-2845-en" repository="Stofnun Árna Magnússonar í íslenskum fræðum, Reykjavík" repositoryID="#AMIS">Þorleifur?</name>
<name key="ambig" source="provenance" msTitle="GKS 2845 4to" msID="GKS04-2845-en" repository="Stofnun Árna Magnússonar í íslenskum fræðum, Reykjavík" repositoryID="#AMIS">Guðríður
                           Benediktsdóttir</name>
<name key="unknown" source="handNote" msTitle="GKS 2845 4to" msID="GKS04-2845-en" repository="Stofnun Árna Magnússonar í íslenskum fræðum, Reykjavík" repositoryID="#AMIS"/>
<name key="unknown" source="handNote" msTitle="GKS 2845 4to" msID="GKS04-2845-en" repository="Stofnun Árna Magnússonar í íslenskum fræðum, Reykjavík" repositoryID="#AMIS"/>
</root>