<?xml version="1.0" encoding="UTF-8"?><root xmlns:tei="http://www.tei-c.org/ns/1.0">
<name key="Friooo005" source="provenance" msTitle="GKS 1005 fol." msID="GKS02-1005-en" repository="Stofnun Árna Magnússonar í íslenskum fræðum, Reykjavík" repositoryID="#AMIS">King Frederik III</name>
<name key="BrySve001" source="provenance" msTitle="GKS 1005 fol." msID="GKS02-1005-en" repository="Stofnun Árna Magnússonar í íslenskum fræðum, Reykjavík" repositoryID="#AMIS">Brynjólfur Sveinsson</name>
<name key="JonFin001" source="provenance" msTitle="GKS 1005 fol." msID="GKS02-1005-en" repository="Stofnun Árna Magnússonar í íslenskum fræðum, Reykjavík" repositoryID="#AMIS">Jón Finnsson</name>
<name key="JonBjo007" source="provenance" msTitle="GKS 1005 fol." msID="GKS02-1005-en" repository="Stofnun Árna Magnússonar í íslenskum fræðum, Reykjavík" repositoryID="#AMIS">Jóni Björnssyni bóndi í Flatey</name>
<name key="BjoTho003" source="provenance" msTitle="GKS 1005 fol." msID="GKS02-1005-en" repository="Stofnun Árna Magnússonar í íslenskum fræðum, Reykjavík" repositoryID="#AMIS">Björn Þorleifsson á Reykhólum</name>
<name key="ThoBjo004" source="provenance" msTitle="GKS 1005 fol." msID="GKS02-1005-en" repository="Stofnun Árna Magnússonar í íslenskum fræðum, Reykjavík" repositoryID="#AMIS">Þorleifur
                              hirðstjóri Björnsson</name>
<name key="ThoBjo004" source="provenance" msTitle="GKS 1005 fol." msID="GKS02-1005-en" repository="Stofnun Árna Magnússonar í íslenskum fræðum, Reykjavík" repositoryID="#AMIS">Þorleifur
                                 Björnsson</name>
<name key="BjoTho002" source="provenance" msTitle="GKS 1005 fol." msID="GKS02-1005-en" repository="Stofnun Árna Magnússonar í íslenskum fræðum, Reykjavík" repositoryID="#AMIS">Björn ríki Þorleifsson hirðstjóri á Skarði</name>
<name key="ThoArn003" source="provenance" msTitle="GKS 1005 fol." msID="GKS02-1005-en" repository="Stofnun Árna Magnússonar í íslenskum fræðum, Reykjavík" repositoryID="#AMIS">Þorleifur Árnason</name>
<name key="GudJon045" source="provenance" msTitle="GKS 1005 fol." msID="GKS02-1005-en" repository="Stofnun Árna Magnússonar í íslenskum fræðum, Reykjavík" repositoryID="#AMIS">Guðný Jónssdóttir</name>
<name key="JonHak002" source="provenance" msTitle="GKS 1005 fol." msID="GKS02-1005-en" repository="Stofnun Árna Magnússonar í íslenskum fræðum, Reykjavík" repositoryID="#AMIS">Jón Hákonarson í Víðidalstungu</name>
<name key="OddEin001" source="provenance" msTitle="GKS 1005 fol." msID="GKS02-1005-en" repository="Stofnun Árna Magnússonar í íslenskum fræðum, Reykjavík" repositoryID="#AMIS">Oddur Einarsson</name>
<name key="#JonTho021" source="handNote" msTitle="GKS 1005 fol." msID="GKS02-1005-en" repository="Stofnun Árna Magnússonar í íslenskum fræðum, Reykjavík" repositoryID="#AMIS"/>
<name key="#MagTho005" source="handNote" msTitle="GKS 1005 fol." msID="GKS02-1005-en" repository="Stofnun Árna Magnússonar í íslenskum fræðum, Reykjavík" repositoryID="#AMIS"/>
<name key="unknown" source="handNote" msTitle="GKS 1005 fol." msID="GKS02-1005-en" repository="Stofnun Árna Magnússonar í íslenskum fræðum, Reykjavík" repositoryID="#AMIS"/>
<name key="unknown" source="handNote" msTitle="GKS 1005 fol." msID="GKS02-1005-en" repository="Stofnun Árna Magnússonar í íslenskum fræðum, Reykjavík" repositoryID="#AMIS"/>
<name key="unknown" source="handNote" msTitle="GKS 1005 fol." msID="GKS02-1005-en" repository="Stofnun Árna Magnússonar í íslenskum fræðum, Reykjavík" repositoryID="#AMIS"/>
</root>