<?xml version="1.0" encoding="UTF-8"?><root xmlns:tei="http://www.tei-c.org/ns/1.0">
<name key="PetPet004" source="provenance" msTitle="Icel. MS. 37" msID="Icel-MS-37" repository="Harvard University, Houghton Library, Cambridge, MA" repositoryID="#HHVD">Pétur Pétursson á Skalhollti, 1772-1837</name>
<name key="KonMau001" source="provenance" msTitle="Icel. MS. 37" msID="Icel-MS-37" repository="Harvard University, Houghton Library, Cambridge, MA" repositoryID="#HHVD">Konrad von Maurer, 1823-1902</name>
<name key="PetEgg001" source="provenance" msTitle="Icel. MS. 37" msID="Icel-MS-37" repository="Harvard University, Houghton Library, Cambridge, MA" repositoryID="#HHVD">Pétur Eggerz Friðriksson, 1831-1892</name>
<name key="FriEgg001" source="provenance" msTitle="Icel. MS. 37" msID="Icel-MS-37" repository="Harvard University, Houghton Library, Cambridge, MA" repositoryID="#HHVD">Friðrik Eggerz</name>
<name key="ArcCoo001" source="provenance" msTitle="Icel. MS. 37" msID="Icel-MS-37" repository="Harvard University, Houghton Library, Cambridge, MA" repositoryID="#HHVD">Archibald Cary Coolidge, 1866-1928</name>
<name key="OgmMag001" source="provenance" msTitle="Icel. MS. 37" msID="Icel-MS-37" repository="Harvard University, Houghton Library, Cambridge, MA" repositoryID="#HHVD">Ögmundur Magnússon, b. c. 1808</name>
<name key="unknown" source="handNote" msTitle="Icel. MS. 37" msID="Icel-MS-37" repository="Harvard University, Houghton Library, Cambridge, MA" repositoryID="#HHVD"/>
</root>