<?xml version="1.0" encoding="UTF-8"?><root xmlns:tei="http://www.tei-c.org/ns/1.0">
<name key="SteBen001" source="provenance" msTitle="Icel. MS. 32" msID="Icel-MS-32" repository="Harvard University, Houghton Library, Cambridge, MA" repositoryID="#HHVD"/>
<name key="RagBen001" source="provenance" msTitle="Icel. MS. 32" msID="Icel-MS-32" repository="Harvard University, Houghton Library, Cambridge, MA" repositoryID="#HHVD"/>
<name key="BenHal003" source="provenance" msTitle="Icel. MS. 32" msID="Icel-MS-32" repository="Harvard University, Houghton Library, Cambridge, MA" repositoryID="#HHVD"/>
<name key="AstVid001" source="provenance" msTitle="Icel. MS. 32" msID="Icel-MS-32" repository="Harvard University, Houghton Library, Cambridge, MA" repositoryID="#HHVD"/>
<name key="ArcCoo001" source="provenance" msTitle="Icel. MS. 32" msID="Icel-MS-32" repository="Harvard University, Houghton Library, Cambridge, MA" repositoryID="#HHVD"/>
<name key="KonMau001" source="provenance" msTitle="Icel. MS. 32" msID="Icel-MS-32" repository="Harvard University, Houghton Library, Cambridge, MA" repositoryID="#HHVD"/>
<name key="#HalJak001" source="handNote" msTitle="Icel. MS. 32" msID="Icel-MS-32" repository="Harvard University, Houghton Library, Cambridge, MA" repositoryID="#HHVD"/>
<name key="unknown" source="handNote" msTitle="Icel. MS. 32" msID="Icel-MS-32" repository="Harvard University, Houghton Library, Cambridge, MA" repositoryID="#HHVD"/>
</root>