<?xml version="1.0" encoding="UTF-8"?><root xmlns:tei="http://www.tei-c.org/ns/1.0">
<name key="FinMag001" source="provenance" msTitle="MS 21.2.9" msID="MS-2129" repository="Advocates' Library, Edinburgh" repositoryID="#ADV"/>
<name key="JosBan001" source="provenance" msTitle="MS 21.2.9" msID="MS-2129" repository="Advocates' Library, Edinburgh" repositoryID="#ADV"/>
<name key="unknown" source="handNote" msTitle="MS 21.2.9" msID="MS-2129" repository="Advocates' Library, Edinburgh" repositoryID="#ADV"/>
<name key="unknown" source="handNote" msTitle="MS 21.2.9" msID="MS-2129" repository="Advocates' Library, Edinburgh" repositoryID="#ADV"/>
<name key="unknown" source="handNote" msTitle="MS 21.2.9" msID="MS-2129" repository="Advocates' Library, Edinburgh" repositoryID="#ADV"/>
<name key="unknown" source="handNote" msTitle="MS 21.2.9" msID="MS-2129" repository="Advocates' Library, Edinburgh" repositoryID="#ADV"/>
<name key="unknown" source="handNote" msTitle="MS 21.2.9" msID="MS-2129" repository="Advocates' Library, Edinburgh" repositoryID="#ADV"/>
<name key="unknown" source="handNote" msTitle="MS 21.2.9" msID="MS-2129" repository="Advocates' Library, Edinburgh" repositoryID="#ADV"/>
</root>