<?xml version="1.0" encoding="UTF-8"?><root xmlns:tei="http://www.tei-c.org/ns/1.0">
<name key="ThoJon005" source="provenance" msTitle="MS 21.4.17" msID="MS-21-4-17" repository="Advocates' Library, Edinburgh" repositoryID="#ADV">Þorsteinn Jónsson</name>
<name key="ambig" source="provenance" msTitle="MS 21.4.17" msID="MS-21-4-17" repository="Advocates' Library, Edinburgh" repositoryID="#ADV">M Þorun</name>
<name key="ThoBen001" source="provenance" msTitle="MS 21.4.17" msID="MS-21-4-17" repository="Advocates' Library, Edinburgh" repositoryID="#ADV">Mr Thorsteinn
                                    Benedic Son</name>
<name key="BenTho001" source="provenance" msTitle="MS 21.4.17" msID="MS-21-4-17" repository="Advocates' Library, Edinburgh" repositoryID="#ADV">Benedikt
                                    Þorsteinsson</name>
<name key="ThoBen001" source="provenance" msTitle="MS 21.4.17" msID="MS-21-4-17" repository="Advocates' Library, Edinburgh" repositoryID="#ADV">Þorsteinn Benediktsson</name>
<name key="ThoJon005" source="provenance" msTitle="MS 21.4.17" msID="MS-21-4-17" repository="Advocates' Library, Edinburgh" repositoryID="#ADV">Þorsteinn Jónsson</name>
<name key="JonJon070" source="provenance" msTitle="MS 21.4.17" msID="MS-21-4-17" repository="Advocates' Library, Edinburgh" repositoryID="#ADV">Jón Jónsson</name>
<name key="unknown" source="handNote" msTitle="MS 21.4.17" msID="MS-21-4-17" repository="Advocates' Library, Edinburgh" repositoryID="#ADV"/>
<name key="unknown" source="handNote" msTitle="MS 21.4.17" msID="MS-21-4-17" repository="Advocates' Library, Edinburgh" repositoryID="#ADV"/>
<name key="unknown" source="handNote" msTitle="MS 21.4.17" msID="MS-21-4-17" repository="Advocates' Library, Edinburgh" repositoryID="#ADV"/>
<name key="unknown" source="handNote" msTitle="MS 21.4.17" msID="MS-21-4-17" repository="Advocates' Library, Edinburgh" repositoryID="#ADV"/>
</root>