<?xml version="1.0" encoding="UTF-8"?><root xmlns:tei="http://www.tei-c.org/ns/1.0">
<name key="EinJon014" source="provenance" msTitle="NKS 1157 fol." msID="NKS02-1157-en" repository="Det Kongelige Bibliotek, Copenhagen" repositoryID="#KBDK">Einar Jónsson</name>
<name key="JonVid001" source="provenance" msTitle="NKS 1157 fol." msID="NKS02-1157-en" repository="Det Kongelige Bibliotek, Copenhagen" repositoryID="#KBDK">Jón Vídalín Jónsson</name>
<name key="RagEin001" source="provenance" msTitle="NKS 1157 fol." msID="NKS02-1157-en" repository="Det Kongelige Bibliotek, Copenhagen" repositoryID="#KBDK">Ragnheiður Einarsdóttir á Söndum</name>
<name key="PetSuh001" source="provenance" msTitle="NKS 1157 fol." msID="NKS02-1157-en" repository="Det Kongelige Bibliotek, Copenhagen" repositoryID="#KBDK">P. Suhm</name>
<name key="#AriJon002" source="handNote" msTitle="NKS 1157 fol." msID="NKS02-1157-en" repository="Det Kongelige Bibliotek, Copenhagen" repositoryID="#KBDK"/>
<name key="unknown" source="handNote" msTitle="NKS 1157 fol." msID="NKS02-1157-en" repository="Det Kongelige Bibliotek, Copenhagen" repositoryID="#KBDK"/>
<name key="unknown" source="handNote" msTitle="NKS 1157 fol." msID="NKS02-1157-en" repository="Det Kongelige Bibliotek, Copenhagen" repositoryID="#KBDK"/>
<name key="unknown" source="handNote" msTitle="NKS 1157 fol." msID="NKS02-1157-en" repository="Det Kongelige Bibliotek, Copenhagen" repositoryID="#KBDK"/>
</root>