<?xml version="1.0" encoding="UTF-8"?><root xmlns:tei="http://www.tei-c.org/ns/1.0">
<name key="MagBjo006" source="provenance" msTitle="NKS 1824 b 4to" msID="NKS04-1824b-en" repository="Det Kongelige Bibliotek, Copenhagen" repositoryID="#KBDK">Magnús
                                    Björnsson</name>
<name key="BrySve001" source="provenance" msTitle="NKS 1824 b 4to" msID="NKS04-1824b-en" repository="Det Kongelige Bibliotek, Copenhagen" repositoryID="#KBDK">Brynjólfur
                                    Sveinsson</name>
<name key="ThoEir001" source="provenance" msTitle="NKS 1824 b 4to" msID="NKS04-1824b-en" repository="Det Kongelige Bibliotek, Copenhagen" repositoryID="#KBDK">Thórarinn Eiríksson</name>
<name key="Friooo005" source="provenance" msTitle="NKS 1824 b 4to" msID="NKS04-1824b-en" repository="Det Kongelige Bibliotek, Copenhagen" repositoryID="#KBDK">King Frederik
                                    III</name>
<name key="unknown" source="handNote" msTitle="NKS 1824 b 4to" msID="NKS04-1824b-en" repository="Det Kongelige Bibliotek, Copenhagen" repositoryID="#KBDK"/>
</root>