<?xml version="1.0" encoding="UTF-8"?><root xmlns:tei="http://www.tei-c.org/ns/1.0">
<name key="JonEgg001" source="provenance" msTitle="Papp. 4to nr 2" msID="Papp-4to-nr-2" repository="Kungliga biblioteket, Stockholm" repositoryID="#KBSE">Jón Eggertsson's</name>
<name key="unknown" source="handNote" msTitle="Papp. 4to nr 2" msID="Papp-4to-nr-2" repository="Kungliga biblioteket, Stockholm" repositoryID="#KBSE"/>
<name key="unknown" source="handNote" msTitle="Papp. 4to nr 2" msID="Papp-4to-nr-2" repository="Kungliga biblioteket, Stockholm" repositoryID="#KBSE"/>
<name key="unknown" source="handNote" msTitle="Papp. 4to nr 2" msID="Papp-4to-nr-2" repository="Kungliga biblioteket, Stockholm" repositoryID="#KBSE"/>
<name key="#JonEgg001" source="handNote" msTitle="Papp. 4to nr 2" msID="Papp-4to-nr-2" repository="Kungliga biblioteket, Stockholm" repositoryID="#KBSE"/>
<name key="unknown" source="handNote" msTitle="Papp. 4to nr 2" msID="Papp-4to-nr-2" repository="Kungliga biblioteket, Stockholm" repositoryID="#KBSE"/>
<name key="unknown" source="handNote" msTitle="Papp. 4to nr 2" msID="Papp-4to-nr-2" repository="Kungliga biblioteket, Stockholm" repositoryID="#KBSE"/>
<name key="unknown" source="handNote" msTitle="Papp. 4to nr 2" msID="Papp-4to-nr-2" repository="Kungliga biblioteket, Stockholm" repositoryID="#KBSE"/>
</root>