<?xml version="1.0" encoding="UTF-8"?><root xmlns:tei="http://www.tei-c.org/ns/1.0">
<name key="SteOla006" source="provenance" msTitle="Papp. 4to nr 1" msID="Papp-4to-nr-1" repository="Kungliga biblioteket, Stockholm" repositoryID="#KBSE">Most likely owned by Stefán Ólafsson</name>
<name key="JonEgg001" source="provenance" msTitle="Papp. 4to nr 1" msID="Papp-4to-nr-1" repository="Kungliga biblioteket, Stockholm" repositoryID="#KBSE">Bought by Jón Eggertsson</name>
<name key="JonTho010" source="provenance" msTitle="Papp. 4to nr 1" msID="Papp-4to-nr-1" repository="Kungliga biblioteket, Stockholm" repositoryID="#KBSE"/>
<name key="#SteOla006" source="handNote" msTitle="Papp. 4to nr 1" msID="Papp-4to-nr-1" repository="Kungliga biblioteket, Stockholm" repositoryID="#KBSE"/>
<name key="unknown" source="handNote" msTitle="Papp. 4to nr 1" msID="Papp-4to-nr-1" repository="Kungliga biblioteket, Stockholm" repositoryID="#KBSE"/>
<name key="unknown" source="handNote" msTitle="Papp. 4to nr 1" msID="Papp-4to-nr-1" repository="Kungliga biblioteket, Stockholm" repositoryID="#KBSE"/>
</root>