<?xml version="1.0" encoding="UTF-8"?><root xmlns:tei="http://www.tei-c.org/ns/1.0">
<name key="JonSig044" source="provenance" msTitle="SÁM 72" msID="SAM-72-en" repository="Stofnun Árna Magnússonar í íslenskum fræðum, Reykjavík" repositoryID="#AMIS">Jón Sigurðsson</name>
<name key="JonGri002" source="provenance" msTitle="SÁM 72" msID="SAM-72-en" repository="Stofnun Árna Magnússonar í íslenskum fræðum, Reykjavík" repositoryID="#AMIS">Jón Grímsson</name>
<name key="ambig" source="provenance" msTitle="SÁM 72" msID="SAM-72-en" repository="Stofnun Árna Magnússonar í íslenskum fræðum, Reykjavík" repositoryID="#AMIS">(?) Sölvason</name>
<name key="ambig" source="provenance" msTitle="SÁM 72" msID="SAM-72-en" repository="Stofnun Árna Magnússonar í íslenskum fræðum, Reykjavík" repositoryID="#AMIS">Daníel Kristján</name>
<name key="OrnArn001" source="provenance" msTitle="SÁM 72" msID="SAM-72-en" repository="Stofnun Árna Magnússonar í íslenskum fræðum, Reykjavík" repositoryID="#AMIS">Örn Arnarson</name>
<name key="#ArnBod001" source="handNote" msTitle="SÁM 72" msID="SAM-72-en" repository="Stofnun Árna Magnússonar í íslenskum fræðum, Reykjavík" repositoryID="#AMIS"/>
<name key="unknown" source="handNote" msTitle="SÁM 72" msID="SAM-72-en" repository="Stofnun Árna Magnússonar í íslenskum fræðum, Reykjavík" repositoryID="#AMIS"/>
</root>