<?xml version="1.0" encoding="UTF-8"?><root xmlns:tei="http://www.tei-c.org/ns/1.0">
<name key="OttTho001" source="provenance" msTitle="Thott 1776 4to" msID="Thott04-1776-en" repository="Det Kongelige Bibliotek, Copenhagen" repositoryID="#KBDK">Otto Thott</name>
<name key="unknown" source="handNote" msTitle="Thott 1776 4to" msID="Thott04-1776-en" repository="Det Kongelige Bibliotek, Copenhagen" repositoryID="#KBDK"/>
<name key="unknown" source="handNote" msTitle="Thott 1776 4to" msID="Thott04-1776-en" repository="Det Kongelige Bibliotek, Copenhagen" repositoryID="#KBDK"/>
<name key="#BenSig001" source="handNote" msTitle="Thott 1776 4to" msID="Thott04-1776-en" repository="Det Kongelige Bibliotek, Copenhagen" repositoryID="#KBDK"/>
<name key="unknown" source="handNote" msTitle="Thott 1776 4to" msID="Thott04-1776-en" repository="Det Kongelige Bibliotek, Copenhagen" repositoryID="#KBDK"/>
<name key="unknown" source="handNote" msTitle="Thott 1776 4to" msID="Thott04-1776-en" repository="Det Kongelige Bibliotek, Copenhagen" repositoryID="#KBDK"/>
<name key="unknown" source="handNote" msTitle="Thott 1776 4to" msID="Thott04-1776-en" repository="Det Kongelige Bibliotek, Copenhagen" repositoryID="#KBDK"/>
<name key="unknown" source="handNote" msTitle="Thott 1776 4to" msID="Thott04-1776-en" repository="Det Kongelige Bibliotek, Copenhagen" repositoryID="#KBDK"/>
<name key="#BenSig001" source="handNote" msTitle="Thott 1776 4to" msID="Thott04-1776-en" repository="Det Kongelige Bibliotek, Copenhagen" repositoryID="#KBDK"/>
<name key="unknown" source="handNote" msTitle="Thott 1776 4to" msID="Thott04-1776-en" repository="Det Kongelige Bibliotek, Copenhagen" repositoryID="#KBDK"/>
<name key="#OddJon007" source="handNote" msTitle="Thott 1776 4to" msID="Thott04-1776-en" repository="Det Kongelige Bibliotek, Copenhagen" repositoryID="#KBDK"/>
<name key="unknown" source="handNote" msTitle="Thott 1776 4to" msID="Thott04-1776-en" repository="Det Kongelige Bibliotek, Copenhagen" repositoryID="#KBDK"/>
<name key="unknown" source="handNote" msTitle="Thott 1776 4to" msID="Thott04-1776-en" repository="Det Kongelige Bibliotek, Copenhagen" repositoryID="#KBDK"/>
<name key="unknown" source="handNote" msTitle="Thott 1776 4to" msID="Thott04-1776-en" repository="Det Kongelige Bibliotek, Copenhagen" repositoryID="#KBDK"/>
<name key="unknown" source="handNote" msTitle="Thott 1776 4to" msID="Thott04-1776-en" repository="Det Kongelige Bibliotek, Copenhagen" repositoryID="#KBDK"/>
<name key="unknown" source="handNote" msTitle="Thott 1776 4to" msID="Thott04-1776-en" repository="Det Kongelige Bibliotek, Copenhagen" repositoryID="#KBDK"/>
<name key="#JonMor001" source="handNote" msTitle="Thott 1776 4to" msID="Thott04-1776-en" repository="Det Kongelige Bibliotek, Copenhagen" repositoryID="#KBDK"/>
<name key="unknown" source="handNote" msTitle="Thott 1776 4to" msID="Thott04-1776-en" repository="Det Kongelige Bibliotek, Copenhagen" repositoryID="#KBDK"/>
</root>